Sentiment,id,text
1,1,"Cairo is a vibrant city bursting with history, culture, and life. Every corner holds a new adventure waiting to be discovered."
1,2,"The energy of Cairo is infectious! From the bustling markets to the ancient landmarks, there's never a dull moment in this dynamic city."
1,3,"I fell in love with Cairo's rich tapestry of sights, sounds, and flavors. It's a melting pot of cultures and traditions that never fails to captivate."
1,4,Exploring Cairo's ancient wonders like the Pyramids and the Sphinx was a dream come true. The sheer magnitude of history in this city is mind-blowing.
1,5,"One of the highlights of my trip was getting lost in Cairo's maze-like streets, stumbling upon hidden gems like local cafes and artisan workshops."
1,6,"Cairo's culinary scene is a delight for food lovers! From sizzling street food to elegant dining, the flavors of Egypt come alive in every dish."
1,7,The people of Cairo are some of the warmest and most hospitable I've ever met. Their generosity and kindness made my stay truly memorable.
1,8,Watching the sunset over the Nile River while cruising on a traditional felucca was a magical experience I'll never forget. Cairo's beauty truly shines from every angle.
1,9,"Cairo's vibrant arts scene is thriving! From contemporary galleries to traditional music performances, there's always something new and exciting to experience."
1,10,"The chaotic charm of Cairo's markets, like Khan El Khalili, is unmatched. It's a sensory overload of colors, scents, and sounds that's both exhilarating and enchanting."
1,11,"Cairo's skyline, dominated by majestic minarets and historic landmarks, is a testament to the city's rich architectural heritage. Each building tells a story of Cairo's past and present."
1,12,The juxtaposition of ancient and modern in Cairo is fascinating. Walking from the bustling streets of Downtown to the serene tranquility of Coptic Cairo is like traveling through time.
1,13,"Cairo's museums, like the Egyptian Museum and the Museum of Islamic Art, are treasure troves of artifacts that offer a glimpse into Egypt's illustrious past. A must-visit for history buffs!"
1,14,"Cairo's parks and gardens provide tranquil oases amidst the urban hustle. Whether it's strolling through Al-Azhar Park or picnicking by the Nile, there's no shortage of green spaces to relax and unwind."
1,15,"The vibrant nightlife scene in Cairo is electrifying! From rooftop bars with panoramic views to underground clubs with live music, the city comes alive after dark."
1,16,Cairo's dedication to preserving its heritage is commendable. Restoration projects like the Citadel and Old Cairo ensure that the city's historic landmarks continue to stand the test of time.
1,17,"Cairo's street art scene is thriving, adding splashes of color and creativity to the city's walls. Each mural tells a story and reflects the spirit of Cairo's vibrant urban culture."
1,18,"Exploring Cairo's neighborhoods, from the bohemian charm of Zamalek to the historic allure of Islamic Cairo, offers a glimpse into the city's diverse tapestry of communities and lifestyles."
1,19,"Cairo's festivals and celebrations, like the Cairo International Film Festival and the Cairo Jazz Festival, showcase the city's passion for arts and culture on a global stage."
1,20,"The sense of camaraderie and community in Cairo is palpable. Whether it's sharing a meal with strangers or joining in traditional festivities, Cairo welcomes you with open arms and leaves a lasting impression."
0,21,"Cairo's traffic congestion is unbearable, turning what should be short journeys into hours-long gridlock nightmares."
0,22,"The pollution in Cairo is suffocating. The smog hangs heavy in the air, making it difficult to enjoy outdoor activities or even take a simple stroll."
0,23,"The constant noise pollution in Cairo is exhausting. Whether it's blaring car horns, construction work, or loud music, finding a moment of peace and quiet is nearly impossible."
0,24,"The lack of proper infrastructure in Cairo leads to frequent power outages and unreliable utilities, making daily life a constant struggle."
0,25,"Cairo's overcrowded streets and sidewalks make it difficult to navigate, especially for pedestrians. Sidewalks are often blocked by parked cars or street vendors, forcing pedestrians to walk in the dangerous flow of traffic."
0,26,"The prevalence of litter and trash on Cairo's streets and in public spaces is disheartening. The city's once-beautiful landmarks are marred by garbage and neglect."""
0,27,"Cairo's public transportation system is unreliable and overcrowded, making commuting a stressful and unpleasant experience."
0,28,"The lack of proper sanitation and waste management in Cairo leads to unsanitary conditions and health hazards, putting residents and visitors at risk of disease."
0,29,"Cairo's water quality is poor, with many residents relying on bottled water for drinking and cooking due to concerns about contamination."
0,30,The constant harassment and catcalling experienced by women in Cairo make them feel unsafe and unwelcome in public spaces.
0,31,"Cairo's high cost of living makes it difficult for many residents to afford basic necessities, let alone enjoy any semblance of a comfortable lifestyle."
0,32,The prevalence of scams and petty theft in Cairo's tourist areas tarnishes the city's reputation and makes visitors wary of exploring its treasures.
0,33,"Cairo's historic monuments and landmarks are often neglected and poorly maintained, robbing them of their grandeur and significance."
0,34,The lack of green spaces and parks in Cairo deprives residents of much-needed opportunities for recreation and relaxation.
0,35,"Cairo's air quality is among the worst in the world, contributing to high rates of respiratory illnesses and other health problems among its residents."
0,36,"Cairo's economic inequality is stark, with lavish wealth juxtaposed against abject poverty. The city's marginalized communities are often overlooked and underserved."
0,37,"The bureaucracy and red tape in Cairo make it difficult to get anything done, whether it's obtaining permits, accessing public services, or resolving legal issues."
0,38,"Cairo's rapid urbanization has led to the destruction of many historic neighborhoods and cultural heritage sites, erasing the city's rich history and identity."
0,39,The lack of job opportunities and economic prospects in Cairo's informal settlements perpetuates cycles of poverty and social instability.
0,40,"Cairo's political unrest and security concerns cast a shadow over the city, making it difficult for residents and visitors alike to feel safe and secure."
